set,name,year,product,foil_common_avg,foil_uncommon_avg,cut_per_pack,cut_per_box,cut_per_case,cut_cash_per_pack,cut_cash_per_box,share_of_cards,share_of_pack_ev,share_of_pack_cash,ratio_before,ratio_after,best_cut_card
eld,Throne of Eldraine,2019,eld-collector,0.41,0.593,1.41,16.97,101.81,0.276,3.31,0.2,0.0805,0.0322,,,Mystic Sanctuary ($4.96 foil)
thb,Theros Beyond Death,2020,thb-collector,0.268,0.481,1.02,12.2,73.23,0.094,1.13,0.2,0.048,0.0086,,,Destiny Spinner ($4.05 foil)
iko,Ikoria,2020,iko-collector,0.392,0.502,1.29,15.43,92.57,0.276,3.31,0.2,0.0304,0.0105,0.728,0.706,Serrated Scorpion ($5.59 foil)
m21,Core Set 2021,2020,m21-collector,0.271,0.756,1.3,15.57,93.45,0.268,3.22,0.2,0.0526,0.0197,0.59,0.559,Watcher of the Spheres ($6.10 foil)
znr,Zendikar Rising,2020,znr-collector,0.205,0.708,1.12,13.42,80.5,0.288,3.46,0.2,0.043,0.0192,0.651,0.623,Malakir Rebirth // Malakir Mire ($16.51 foil)
khm,Kaldheim,2021,khm-collector,0.348,0.498,1.19,14.34,86.02,0.178,2.13,0.2,0.0475,0.0129,0.736,0.701,"Fynn, the Fangbearer ($4.83 foil)"
stx,Strixhaven,2021,stx-collector,0.218,0.456,0.89,10.71,64.28,0.12,1.44,0.2,0.0243,0.0055,0.701,0.684,Storm-Kiln Artist ($3.90 foil)
afr,Forgotten Realms,2021,afr-collector,0.336,0.556,1.23,14.73,88.4,0.278,3.33,0.2,0.0587,0.0251,0.622,0.585,Moon-Blessed Cleric ($6.27 foil)
mid,Midnight Hunt,2021,mid-collector,0.223,0.38,0.83,9.91,59.48,0.063,0.76,0.2,0.0652,0.012,0.567,0.53,Moonsilver Key ($4.89 foil)
vow,Crimson Vow,2021,vow-collector,0.34,0.28,0.96,11.51,69.09,0.155,1.87,0.2,0.0671,0.0243,0.537,0.501,Kessig Flamebreather ($6.86 foil)
neo,Neon Dynasty,2022,neo-collector,0.406,0.42,1.23,14.77,88.61,0.256,3.07,0.2,0.0427,0.0158,0.571,0.547,Tamiyo's Safekeeping ($12.97 foil)
snc,New Capenna,2022,snc-collector,0.293,0.383,0.97,11.64,69.81,0.139,1.66,0.2,0.0543,0.0149,0.672,0.635,Slip Out the Back ($5.25 foil)
dmu,Dominaria United,2022,dmu-collector,0.2,0.389,0.79,9.46,56.74,0.072,0.86,0.2,0.0348,0.0059,0.706,0.682,Relic of Legends ($3.74 foil)
bro,Brothers' War,2022,bro-collector,0.231,0.527,0.99,11.86,71.17,0.207,2.48,0.2,0.0335,0.0122,0.421,0.407,Thran Power Suit ($8.01 foil)
one,All Will Be One,2023,one-collector,0.254,0.347,0.86,10.26,61.57,0.063,0.76,0.2,0.0279,0.0035,0.306,0.298,Drown in Ichor ($2.12 foil)
mom,March of the Machine,2023,mom-collector,0.256,0.349,0.86,10.32,61.92,0.085,1.02,0.2,0.0239,0.0037,0.461,0.45,Kami of Whispered Hopes ($5.81 foil)
ltr,LotR: Tales of Middle-earth,2023,ltr-collector,0.387,0.448,1.22,14.66,87.96,0.22,2.64,0.2,0.0204,0.0057,0.345,0.338,Lórien Revealed ($5.02 foil)
woe,Wilds of Eldraine,2023,woe-collector,0.293,0.341,0.93,11.13,66.78,0.075,0.9,0.2,0.0236,0.0032,0.523,0.511,Up the Beanstalk ($3.01 foil)
lci,Lost Caverns of Ixalan,2023,lci-collector,0.26,0.447,0.97,11.61,69.66,0.11,1.32,0.2,0.0216,0.004,0.413,0.404,"Kutzil, Malamet Exemplar ($6.38 foil)"
mkm,Murders at Karlov Manor,2024,mkm-collector,0.201,0.303,0.7,8.46,50.76,0.096,1.15,0.2,0.0279,0.0065,0.739,0.718,Aftermath Analyst ($4.16 foil)
otj,Outlaws of Thunder Junction,2024,otj-collector,0.235,0.441,0.91,10.92,65.51,0.136,1.63,0.2,0.0334,0.0086,0.689,0.666,Forsaken Miner ($6.03 foil)
mh3,Modern Horizons 3,2024,mh3-collector,0.408,1.168,1.99,23.82,142.93,0.703,8.44,0.2,0.0367,0.0206,0.732,0.705,Sink into Stupor // Soporific Springs ($10.86 foil)
blb,Bloomburrow,2024,blb-collector,0.273,0.485,1.03,12.37,74.2,0.089,1.07,0.2,0.0243,0.0034,0.406,0.396,Coruscation Mage ($4.04 foil)
dsk,Duskmourn,2024,dsk-collector,0.271,0.497,1.04,12.47,74.83,0.166,2.0,0.2,0.034,0.0093,0.449,0.434,Untimely Malfunction ($10.63 foil)
fdn,Foundations,2024,fdn-collector,0.319,0.6,1.24,14.85,89.09,0.229,2.75,0.2,0.0286,0.0087,0.571,0.555,An Offer You Can't Refuse ($8.17 foil)
dft,Aetherdrift,2025,dft-collector,0.248,0.346,0.84,10.1,60.59,0.055,0.66,0.2,0.0533,0.007,0.583,0.552,Defend the Rider ($3.75 foil)
tdm,Tarkir: Dragonstorm,2025,tdm-collector,0.23,0.305,0.77,9.18,55.11,0.033,0.4,0.2,0.0225,0.0016,0.818,0.799,Tempest Hawk ($1.74 foil)
fin,Final Fantasy,2025,fin-collector,0.272,0.446,0.99,11.89,71.34,0.081,0.97,0.2,0.0119,0.0015,0.602,0.595,"Cid, Timeless Artificer ($15.96 foil)"
eoe,Edge of Eternities,2025,eoe-collector,0.23,0.341,0.8,9.63,57.77,0.041,0.5,0.2,0.0198,0.0016,0.666,0.653,Weftstalker Ardent ($3.44 foil)
spm,Spider-Man,2025,spm-collector,0.224,0.343,0.79,9.49,56.92,0.036,0.43,0.2,0.0298,0.0024,0.757,0.734,"Lyla, Holographic Assistant ($4.50 foil)"
tla,Avatar: The Last Airbender,2025,tla-collector,0.298,0.315,0.91,10.94,65.65,0.105,1.26,0.2,0.0238,0.0046,0.934,0.912,Bender's Waterskin ($5.28 foil)
ecl,Lorwyn Eclipsed,2026,ecl-collector,0.238,0.349,0.83,9.9,59.41,0.033,0.39,0.2,0.0424,0.0032,0.556,0.532,Chomping Changeling ($2.65 foil)
hob,The Hobbit,2026,hob-collector,0.242,0.295,0.78,9.34,56.06,0.008,0.1,0.2,0.0153,0.0002,0.857,0.844,Master's Councillors ($1.06 foil)
sos,Secrets of Strixhaven,2026,sos-collector,0.237,0.325,0.8,9.57,57.42,0.04,0.48,0.2,0.0258,0.0023,0.737,0.717,Flow State ($2.65 foil)
fra,Reality Fracture,2026,fra-collector,0.324,0.422,1.07,12.83,76.97,0.031,0.37,0.2,0.0305,0.0015,0.921,0.893,Sphinx's Approach ($1.54 foil)
