product,sheet,expected_cards,ev_per_card,coverage
soi-draft,basic,1.0,0.123,1.0
soi-draft,sfc_common,8.65,0.1,1.0
soi-draft,sfc_uncommon,3.0,0.208,1.0
soi-draft,sfc_rare_mythic,1.0,1.061,1.0
soi-draft,dfc_common_uncommon,1.0,0.15,0.0
soi-draft,foil,0.225,0.712,0.913
soi-draft,dfc_rare_mythic,0.125,0.15,0.0
emn-draft,basic,1.0,0.123,1.0
emn-draft,sfc_common,8.65,0.118,1.0
emn-draft,sfc_uncommon,3.0,0.154,1.0
emn-draft,sfc_rare_mythic,1.0,1.407,1.0
emn-draft,dfc_common_uncommon,1.0,0.161,0.25
emn-draft,foil,0.225,0.978,0.944
emn-draft,dfc_rare_mythic,0.125,3.393,0.583
kld-draft,basic,1.0,0.162,1.0
kld-draft,common,9.775,0.116,1.0
kld-draft,uncommon,3.0,0.184,1.0
kld-draft,rare_mythic,1.0,1.646,1.0
kld-draft,foil_or_masterpiece_1_in_144,0.225,0.96,0.969
aer-draft,basic,1.0,0.162,1.0
aer-draft,common,9.775,0.118,1.0
aer-draft,uncommon,3.0,0.233,1.0
aer-draft,rare_mythic,1.0,1.504,1.0
aer-draft,foil_or_masterpiece_1_in_144,0.225,0.99,0.969
akh-draft,basic,1.0,0.174,1.0
akh-draft,common,9.775,0.137,1.0
akh-draft,uncommon,3.0,0.368,0.938
akh-draft,rare_mythic,1.0,1.963,0.835
akh-draft,foil_or_masterpiece_1_in_129,0.225,1.327,0.926
hou-draft,basic,1.0,0.195,1.0
hou-draft,common,9.775,0.135,1.0
hou-draft,uncommon,3.0,0.227,0.917
hou-draft,rare_mythic,1.0,2.154,0.896
hou-draft,foil_or_masterpiece_1_in_129,0.225,1.235,0.93
xln-draft,basic,1.0,0.169,1.0
xln-draft,common,9.775,0.153,1.0
xln-draft,uncommon,3.0,0.227,1.0
xln-draft,rare_mythic,1.0,1.265,0.858
xln-draft,foil,0.225,1.007,0.979
rix-draft,basic,1.0,0.91,1.0
rix-draft,common,9.775,0.127,1.0
rix-draft,uncommon,3.0,0.354,1.0
rix-draft,rare_mythic,1.0,1.477,0.881
rix-draft,foil,0.225,1.321,0.982
dom-draft,basic,1.0,0.148,1.0
dom-draft,common,9.775,0.213,1.0
dom-draft,nonlegendary_uncommon,2.25,0.281,1.0
dom-draft,legendary_rare_mythic,0.2975,1.164,1.0
dom-draft,foil,0.225,1.385,1.0
dom-draft,legendary_uncommon,0.75,0.271,1.0
dom-draft,nonlegendary_rare_mythic,0.7025,2.379,1.0
m19-draft,basic_or_common_land,1.0,0.174,1.0
m19-draft,nonland_common,9.775,0.137,1.0
m19-draft,uncommon,3.0,0.385,1.0
m19-draft,rare_mythic,1.0,1.931,0.992
m19-draft,foil,0.225,1.147,0.999
grn-draft,land,1.0,0.191,1.0
grn-draft,common,9.775,0.125,1.0
grn-draft,uncommon,3.0,0.218,0.938
grn-draft,rare_mythic,1.0,1.691,0.917
grn-draft,foil,0.225,0.997,0.972
rna-draft,land,1.0,0.145,1.0
rna-draft,common,9.775,0.138,1.0
rna-draft,uncommon,3.0,0.273,0.938
rna-draft,rare_mythic,1.0,2.547,0.917
rna-draft,foil,0.225,1.187,0.972
war-draft,basic,1.0,0.142,1.0
war-draft,common,9.775,0.15,1.0
war-draft,nonplaneswalker_uncommon,2.2397,0.57,1.0
war-draft,planeswalker_rare_mythic,0.2397,3.676,1.0
war-draft,foil,0.225,1.792,1.0
war-draft,planeswalker_uncommon,0.7603,0.428,1.0
war-draft,nonplaneswalker_rare_mythic,0.7603,1.847,1.0
m20-draft,basic_or_common_land,1.0,0.21,1.0
m20-draft,nonland_common,9.6667,0.158,1.0
m20-draft,uncommon,3.0,0.37,1.0
m20-draft,rare_mythic,1.0,2.756,1.0
m20-draft,foil,0.3333,1.376,1.0
eld-draft,basic,1.0,0.224,1.0
eld-draft,common,9.6667,0.182,0.861
eld-draft,uncommon,3.0,0.307,0.887
eld-draft,rare_mythic,0.963,1.883,0.901
eld-draft,rare_mythic_showcase,0.037,1.09,0.2
eld-draft,foil,0.3333,0.784,0.884
eld-collector,foil_common,5.9,0.376,0.757
eld-collector,foil_uncommon,3.1,0.542,0.798
eld-collector,showcase_rare_mythic,0.3,1.09,0.2
eld-collector,showcase_common,2.05,0.15,0.0
eld-collector,ancillary,1.0,0.584,1.0
eld-collector,rm_extended,1.0,4.996,1.0
eld-collector,foil_rare_mythic,1.0,6.283,0.905
eld-collector,showcase_uncommon,0.65,0.15,0.0
thb-draft,basic,1.0,1.504,1.0
thb-draft,common,9.6667,0.153,1.0
thb-draft,uncommon,3.0,0.256,1.0
thb-draft,rare_mythic,1.0,2.761,1.0
thb-draft,foil,0.3333,0.875,1.0
thb-collector,foil_basic,2.0,2.25,1.0
thb-collector,foil_common_or_basic,4.9,0.268,1.0
thb-collector,foil_uncommon,3.1,0.481,1.0
thb-collector,showcase,1.0,1.465,1.0
thb-collector,foil_showcase,1.0,2.039,1.0
thb-collector,ancillary,1.0,0.936,1.0
thb-collector,rm_extended,1.0,4.378,1.0
thb-collector,foil_rare_mythic,1.0,5.065,1.0
iko-draft,basic_or_gainland,1.0,0.344,1.0
iko-draft,common_with_showcase,9.6667,0.191,1.0
iko-draft,uncommon_with_showcase,3.0,0.265,1.0
iko-draft,rare_mythic_with_showcase,1.0,3.669,1.0
iko-draft,foil,0.3333,1.116,1.0
iko-collector,foil_common,4.0,0.392,1.0
iko-collector,foil_uncommon,2.0,0.502,1.0
iko-collector,foil_basic,1.0,0.395,1.0
iko-collector,commander,1.0,4.368,1.0
iko-collector,extended_art,1.0,4.489,1.0
iko-collector,rare_mythic_foil,1.0,5.732,1.0
iko-collector,common_uncommon_showcase,2.0,0.272,1.0
iko-collector,rare_mythic_showcase,1.0,7.234,1.0
iko-collector,godzilla,0.6667,12.038,1.0
iko-collector,foil_showcase_any,1.0,4.0,1.0
iko-collector,godzilla_foil,0.3333,14.799,1.0
m21-draft,nongainland_common,9.6667,0.189,1.0
m21-draft,uncommon_with_showcase,3.0,0.301,1.0
m21-draft,rare_mythic,1.0,2.592,1.0
m21-draft,basic_or_gainland,1.0,0.239,1.0
m21-draft,foil,0.3,0.849,1.0
m21-draft,borderless_reprint,0.0333,4.603,1.0
m21-collector,foil_all_showcase,1.0,2.587,1.0
m21-collector,foil_common_uncommon_showcase,1.0,0.514,1.0
m21-collector,rare_mythic_showcase,1.0,4.581,1.0
m21-collector,common_uncommon_showcase,2.0,0.394,1.0
m21-collector,foil_rare_mythic,2.0,3.878,1.0
m21-collector,extended_art,1.0,4.686,1.0
m21-collector,foil_showcase_basic,1.0,1.182,1.0
m21-collector,foil_uncommon,2.0,0.756,1.0
m21-collector,foil_common_or_basic,4.0,0.271,1.0
znr-draft,basic,1.0,0.298,1.0
znr-draft,common_with_showcase,9.6667,0.149,1.0
znr-draft,sfc_uncommon_with_showcase,2.1824,0.185,1.0
znr-draft,dfc_rare_mythic_with_showcase,0.1824,0.15,0.0
znr-draft,foil_with_showcase,0.3333,0.422,0.91
znr-draft,dfc_uncommon_with_showcase,0.8176,0.15,0.0
znr-draft,sfc_rare_mythic_with_showcase,0.8176,1.473,1.0
znr-set,basic,0.85,0.298,1.0
znr-set,common,3.9,0.151,1.0
znr-set,uncommon,2.1,0.177,0.75
znr-set,showcase_or_dfc,1.0,0.171,0.545
znr-set,wildcard,2.0,0.291,0.933
znr-set,rare_mythic_with_showcase,1.0,1.231,0.818
znr-set,foil_with_showcase,1.0,0.422,0.91
znr-set,the_list,0.25,4.629,0.98
znr-set,foil_basic,0.15,0.447,1.0
znr-collector,foil_basic,1.0,0.447,1.0
znr-collector,foil_common,5.0,0.205,1.0
znr-collector,foil_uncommon,2.0,0.276,0.75
znr-collector,common_uncommon_showcase,2.0,0.189,1.0
znr-collector,foil_common_uncommon_showcase,1.0,0.287,1.0
znr-collector,extended_rare_mythic,1.0,2.053,0.868
znr-collector,rare_mythic_showcase,1.0,1.826,0.548
znr-collector,foil_rare_mythic,1.0,1.352,0.818
znr-collector,foil_rare_mythic_showcase,0.8333,2.681,0.814
znr-collector,foil_expedition,0.1667,49.28,1.0
khm-draft,basictype,1.0,0.618,1.0
khm-draft,non_basictype_common,9.6667,0.211,1.0
khm-draft,uncommon_with_showcase,3.0,0.279,1.0
khm-draft,rare_mythic_with_showcase,1.0,1.761,0.818
khm-draft,foil_with_showcase,0.3333,0.742,0.973
khm-set,snow_land,0.85,0.618,1.0
khm-set,common,4.9715,0.232,1.0
khm-set,uncommon,2.0285,0.282,1.0
khm-set,snow_showcase_theme,1.0,0.397,1.0
khm-set,wildcard,1.0,0.432,0.977
khm-set,rare_mythic_with_showcase,1.0,1.761,0.818
khm-set,foil_with_showcase,1.0,0.742,0.973
khm-set,the_list,0.25,4.833,0.98
khm-set,foil_snow_land,0.15,1.083,1.0
khm-collector,foil_basic,1.0,1.238,1.0
khm-collector,foil_common,5.0,0.348,1.0
khm-collector,foil_uncommon,2.0,0.498,1.0
khm-collector,uncommon_showcase,1.0,0.245,1.0
khm-collector,foil_common_uncommon_showcase,1.0,0.347,1.0
khm-collector,foil_rare_mythic,1.0,2.35,0.818
khm-collector,saga_theme_commander,1.0,1.913,1.0
khm-collector,extended_art,1.0,2.689,1.0
khm-collector,rare_mythic_showcase,1.0,2.459,0.481
khm-collector,foil_alt_frame_rare_mythic,1.0,3.763,0.789
stx-draft,sta,1.0,1.956,1.0
stx-draft,lesson,1.0,0.211,1.0
stx-draft,nonlesson_common,8.6667,0.169,1.0
stx-draft,uncommon,3.0,0.295,1.0
stx-draft,nonlesson_rare_mythic,1.0,0.834,0.818
stx-draft,foil_with_showcase,0.3333,0.82,0.983
stx-set,basic,0.85,0.151,1.0
stx-set,common,3.9715,0.169,1.0
stx-set,uncommon,2.0285,0.299,1.0
stx-set,wildcard,1.0,0.447,0.986
stx-set,rare_mythic,1.0,0.733,0.83
stx-set,foil_with_showcase,1.0,0.823,0.983
stx-set,lesson,1.0,0.22,1.0
stx-set,sta,1.0,1.956,1.0
stx-set,the_list,0.25,4.055,0.987
stx-set,foil_basic,0.15,0.195,1.0
stx-collector,foil_common,5.0,0.218,1.0
stx-collector,foil_uncommon,2.0,0.456,1.0
stx-collector,foil_rare_mythic,1.0,1.003,0.818
stx-collector,foil_lesson,1.0,0.254,1.0
stx-collector,extended_commander,1.0,4.019,1.0
stx-collector,extended_or_borderless_core,1.0,1.698,0.83
stx-collector,foil_sta_uncommon,1.0,0.994,1.0
stx-collector,foil_alt_art_wild,1.0,10.609,0.913
stx-collector,etched_sta_uncommon,0.5,1.321,1.0
stx-collector,etched_jp_sta_rare_mythic,0.5,17.524,1.0
stx-collector,etched_jp_sta_uncommon,0.5,2.132,1.0
stx-collector,etched_sta_rare_mythic,0.5,8.9,1.0
afr-draft,basic,1.0,0.19,1.0
afr-draft,common_with_showcase,9.6667,0.253,1.0
afr-draft,uncommon_with_showcase,3.0,0.305,1.0
afr-draft,rare_mythic_with_showcase,1.0,2.404,1.0
afr-draft,foil_with_showcase,0.3333,0.815,1.0
afr-set,basic,0.85,0.19,1.0
afr-set,common,3.9715,0.253,1.0
afr-set,uncommon,2.0285,0.305,1.0
afr-set,common_uncommon_showcase,1.0,0.224,1.0
afr-set,wildcard,2.0,0.461,1.0
afr-set,rare_mythic,1.0,2.29,1.0
afr-set,foil_with_showcase,1.0,0.815,1.0
afr-set,the_list,0.25,4.549,0.99
afr-set,foil_basic,0.15,0.239,1.0
afr-collector,foil_basic,1.0,0.239,1.0
afr-collector,foil_common,4.0,0.336,1.0
afr-collector,foil_uncommon,2.0,0.556,1.0
afr-collector,foil_rare_mythic,1.0,2.774,1.0
afr-collector,extended_core_rare_mythic,1.0,2.279,1.0
afr-collector,extended_commander_rare_mythic,1.0,4.478,1.0
afr-collector,common_uncommon_showcase,2.0,0.224,1.0
afr-collector,rare_mythic_showcase,1.0,3.556,1.0
afr-collector,foil_common_uncommon_showcase,1.0,0.743,1.0
afr-collector,foil_rare_mythic_alt_art,1.0,3.952,1.0
mid-draft,basic,1.0,0.526,1.0
mid-draft,sfc_common_with_showcase,8.6667,0.173,1.0
mid-draft,dfc_common_with_showcase,1.0,0.15,0.0
mid-draft,sfc_uncommon_with_showcase,2.1667,0.244,1.0
mid-draft,dfc_uncommon_with_showcase,0.8333,0.15,0.0
mid-draft,sfc_rare_mythic_with_showcase,0.8333,1.429,1.0
mid-draft,foil_with_showcase,0.3333,0.488,0.849
mid-draft,dfc_rare_mythic_with_showcase,0.1667,0.15,0.0
mid-set,basic,0.85,0.526,1.0
mid-set,sfc_common,3.0,0.173,1.0
mid-set,sfc_uncommon,2.0,0.244,1.0
mid-set,equinox_common_uncommon,2.0,0.148,0.09
mid-set,wildcard,2.0,0.392,0.843
mid-set,rare_mythic,1.0,1.186,0.818
mid-set,foil_with_showcase,1.0,0.44,0.843
mid-set,the_list,0.25,4.813,0.993
mid-set,foil_basic,0.15,1.103,1.0
mid-collector,foil_basic,1.0,1.103,1.0
mid-collector,foil_common,4.0,0.214,0.9
mid-collector,foil_uncommon,2.0,0.346,0.723
mid-collector,foil_rare_mythic,1.0,1.406,0.818
mid-collector,extended_rare_mythic,1.0,1.127,0.904
mid-collector,extended_commander,1.0,2.005,1.0
mid-collector,common_uncommon_showcase,2.0,0.145,0.25
mid-collector,foil_common_uncommon_showcase,1.0,0.16,0.25
mid-collector,rare_mythic_showcase,1.0,1.94,0.655
mid-collector,foil_alt_art_rare_mythic,1.0,1.921,0.812
vow-draft,basic,1.0,0.521,1.0
vow-draft,sfc_common_with_showcase,8.6667,0.246,1.0
vow-draft,dfc_common_with_showcase,1.0,0.15,0.0
vow-draft,sfc_uncommon_with_showcase,2.1667,0.225,1.0
vow-draft,dfc_uncommon_with_showcase,0.8333,0.15,0.0
vow-draft,sfc_rare_mythic_with_showcase,0.8333,1.501,1.0
vow-draft,foil_with_showcase,0.3333,0.548,0.849
vow-draft,dfc_rare_mythic_with_showcase,0.1667,0.15,0.0
vow-set,basic,0.85,0.521,1.0
vow-set,sfc_common,3.0,0.247,1.0
vow-set,sfc_uncommon,2.0,0.225,1.0
vow-set,showcase_common_uncommon,2.0,0.166,0.299
vow-set,wildcard,2.0,0.475,0.855
vow-set,rare_mythic,1.0,1.183,0.818
vow-set,foil_with_showcase,1.0,0.505,0.843
vow-set,the_list,0.25,4.638,0.99
vow-set,foil_basic,0.15,1.178,1.0
vow-collector,foil_basic,1.0,1.178,1.0
vow-collector,foil_common,4.0,0.331,0.9
vow-collector,foil_uncommon,2.0,0.249,0.723
vow-collector,foil_rare_mythic,1.0,1.402,0.818
vow-collector,common_uncommon_showcase,1.5,0.195,0.833
vow-collector,foil_common_uncommon_showcase,0.86,0.244,0.833
vow-collector,extended_rare_mythic,1.0,1.278,0.837
vow-collector,extended_commander,1.0,2.067,1.0
vow-collector,uncommon_dracula,0.5,0.27,0.8
vow-collector,rare_mythic_showcase,0.5,2.102,0.763
vow-collector,foil_rare_mythic_showcase,1.0,2.218,0.794
vow-collector,rare_mythic_dracula,0.5,1.266,0.684
vow-collector,foil_uncommon_dracula,0.14,0.324,0.8
neo-draft,land,1.0,1.032,1.0
neo-draft,dfc_common_uncommon,1.0,0.15,0.0
neo-draft,sfc_common_with_showcase,8.6667,0.251,1.0
neo-draft,sfc_uncommon_with_showcase,3.0,0.259,1.0
neo-draft,rare_mythic_with_showcase,1.0,2.854,0.89
neo-draft,foil_with_showcase,0.3333,1.146,0.934
neo-set,foil_basic,0.2,2.375,1.0
neo-set,sfc_common,3.0,0.248,1.0
neo-set,sfc_uncommon,2.0,0.261,1.0
neo-set,dfc_common_uncommon,1.0,0.15,0.0
neo-set,common_uncommon_showcase,1.0,0.191,1.0
neo-set,wildcard,2.0,0.688,0.939
neo-set,rare_mythic,1.0,2.44,0.89
neo-set,foil_with_showcase,1.0,1.171,0.936
neo-set,the_list,0.25,4.718,0.987
neo-set,basic_or_gainland,0.8,1.225,1.0
neo-collector,foil_fullart_land,1.0,4.501,1.0
neo-collector,foil_sfc_common,2.0,0.406,1.0
neo-collector,foil_sfc_uncommon,2.0,0.419,1.0
neo-collector,foil_dfc_common_uncommon,1.0,0.15,0.0
neo-collector,samurai_common_uncommon,1.0,0.167,1.0
neo-collector,foil_samurai_common_uncommon,1.0,0.264,1.0
neo-collector,ninja_common_uncommon,1.0,0.22,1.0
neo-collector,foil_ninja_common_uncommon,1.0,0.375,1.0
neo-collector,foil_rare_mythic,1.0,3.248,0.9
neo-collector,extended_commander,1.0,2.199,1.0
neo-collector,extended_or_borderless_rare_mythic,1.0,3.306,0.89
neo-collector,rare_mythic_showcase,1.0,4.098,0.89
neo-collector,foil_rare_mythic_showcase,0.943,6.34,0.89
neo-collector,etched_rare_mythic,0.0503,22.2,1.0
neo-collector,neon_ink,0.0067,96.396,1.0
snc-draft,basic,1.0,0.3,1.0
snc-draft,common_with_showcase,9.6667,0.2,1.0
snc-draft,uncommon_with_showcase,3.0,0.295,1.0
snc-draft,rare_mythic_with_showcase,1.0,2.095,1.0
snc-draft,foil_with_showcase,0.3333,0.693,1.0
snc-set,basic,0.7857,0.3,1.0
snc-set,common,3.0,0.202,1.0
snc-set,uncommon,3.0,0.297,1.0
snc-set,common_uncommon_showcase,1.0,0.163,1.0
snc-set,wildcard,2.0,0.449,1.0
snc-set,rare_mythic,1.0,1.978,1.0
snc-set,foil_with_showcase,0.96,0.689,1.0
snc-set,gilded_foil,0.04,2.615,1.0
snc-set,the_list,0.25,3.265,0.944
snc-set,foil_basic,0.2143,0.342,1.0
snc-collector,foil_fullart_basic,1.0,0.627,1.0
snc-collector,foil_common,4.0,0.293,1.0
snc-collector,foil_uncommon,2.0,0.383,1.0
snc-collector,common_uncommon_showcase,2.0,0.163,1.0
snc-collector,foil_rare_mythic,1.0,2.384,1.0
snc-collector,extended_rare_mythic,1.0,1.372,1.0
snc-collector,extended_commander,1.0,3.649,1.0
snc-collector,rare_mythic_showcase,1.0,3.266,1.0
snc-collector,foil_common_uncommon_showcase,0.75,0.209,1.0
snc-collector,foil_rare_mythic_showcase,0.8284,3.658,1.0
snc-collector,etched_rare_mythic_showcase,0.0385,4.994,1.0
snc-collector,gilded_rare_mythic_showcase,0.1331,5.484,1.0
snc-collector,gilded_common_uncommon_showcase,0.25,0.742,1.0
dmu-draft,basic,1.0,0.508,1.0
dmu-draft,common,9.6667,0.194,1.0
dmu-draft,nonlegendary_uncommon,2.25,0.297,1.0
dmu-draft,legendary_rare_mythic,0.25,3.911,1.0
dmu-draft,foil_with_showcase,0.3333,0.632,1.0
dmu-draft,legendary_uncommon,0.75,0.326,1.0
dmu-draft,nonlegendary_rare_mythic,0.75,1.213,1.0
dmu-set,basic,0.7857,0.508,1.0
dmu-set,common,3.0,0.194,1.0
dmu-set,uncommon,3.0,0.319,1.0
dmu-set,uncommon_showcase,1.0,0.207,1.0
dmu-set,wildcard,2.0,0.504,1.0
dmu-set,rare_mythic,1.0,1.89,1.0
dmu-set,foil_with_showcase,1.0,0.631,1.0
dmu-set,the_list,0.25,3.266,0.99
dmu-set,foil_basic,0.2143,0.903,1.0
dmu-collector,foil_fullart_land,1.0,2.956,1.0
dmu-collector,foil_common,3.97,0.2,1.0
dmu-collector,foil_uncommon,2.0,0.389,1.0
dmu-collector,foil_rare_mythic,1.0,2.245,1.0
dmu-collector,extended_rare_mythic,1.0,2.924,1.0
dmu-collector,foil_uncommon_showcase,1.0,0.261,1.0
dmu-collector,foil_alt_border_rare_mythic,1.0,3.649,1.0
dmu-collector,retold_uncommon,0.5,0.498,1.0
dmu-collector,showcase_rare_mythic,1.3635,3.61,1.0
dmu-collector,textured_foil,1.0,2.897,1.0
dmu-collector,etched_retold_uncommon,0.5,0.286,1.0
dmu-collector,etched_retold_rare_mythic,0.6365,0.701,1.0
dmu-collector,lost_legends,0.03,13.347,1.0
bro-draft,common,9.4167,0.17,1.0
bro-draft,uncommon,3.0,0.216,1.0
bro-draft,rare_mythic_with_showcase,1.0,2.099,1.0
bro-draft,brr_retro_artifact,1.0,2.165,1.0
bro-draft,foil,0.3333,1.231,1.0
bro-draft,mech_basic,0.25,0.408,1.0
bro-set,basic,0.8,0.231,1.0
bro-set,common,3.0,0.17,1.0
bro-set,uncommon,3.0,0.216,1.0
bro-set,wildcard,1.9333,0.534,1.0
bro-set,foil_with_showcase,0.9667,1.201,1.0
bro-set,rare_mythic,1.0,2.057,1.0
bro-set,brr_retro_artifact,1.0,2.165,1.0
bro-set,the_list,0.25,2.761,0.993
bro-set,transformers,0.0667,0.15,0.0
bro-set,foil_transformers,0.0333,0.15,0.0
bro-set,foil_basic,0.2,0.276,1.0
bro-collector,foil_fullart_basic,1.0,0.531,1.0
bro-collector,foil_common,4.0,0.231,1.0
bro-collector,foil_uncommon,2.0,0.527,1.0
bro-collector,foil_rare_mythic,1.0,2.404,1.0
bro-collector,extended_rare_mythic,1.0,2.603,1.0
bro-collector,extended_commander_jumpstart,1.0,2.088,1.0
bro-collector,brr_retro_artifact_uncommon,0.5,0.609,1.0
bro-collector,brr_schematic_rare_mythic,0.5,5.925,1.0
bro-collector,foil_brr_retro_artifact_schematic_uncommon,1.0,0.791,1.0
bro-collector,transformers,0.675,0.15,0.0
bro-collector,foil_alt_art,0.995,5.613,1.0
bro-collector,double_rainbow_serialized,0.005,262.849,0.646
bro-collector,shattered_glass,0.115,0.15,0.0
bro-collector,foil_transformers,0.205,0.15,0.0
bro-collector,foil_shattered_glass,0.005,0.15,0.0
bro-collector,brr_schematic_uncommon,0.5,0.648,1.0
bro-collector,brr_retro_artifact_rare_mythic,0.5,4.941,1.0
one-draft,basic,1.0,0.565,1.0
one-draft,common_with_showcase,9.6667,0.21,1.0
one-draft,uncommon_with_showcase,3.0,0.285,1.0
one-draft,rare_mythic_with_showcase,0.9833,2.655,1.0
one-draft,foil,0.3333,0.941,1.0
one-draft,prototype_praetor,0.0167,58.188,1.0
one-set,basic,0.8,0.565,1.0
one-set,common,3.0,0.211,1.0
one-set,uncommon,3.0,0.287,1.0
one-set,common_uncommon_showcase,1.0,0.162,1.0
one-set,wildcard,2.0,0.698,1.0
one-set,main_rare_mythic,0.9833,2.655,1.0
one-set,foil,1.0,0.852,1.0
one-set,the_list,0.25,3.045,1.0
one-set,prototype_praetor,0.0167,58.188,1.0
one-set,foil_basic,0.2,0.745,1.0
one-collector,foil_basic,1.0,1.078,1.0
one-collector,foil_common,4.0,0.254,1.0
one-collector,foil_uncommon,2.0,0.347,1.0
one-collector,foil_rare_mythic,1.0,2.924,1.0
one-collector,extended_rare_mythic,1.0,1.333,1.0
one-collector,extended_commander_jumpstart,1.0,3.611,1.0
one-collector,common_uncommon_showcase,1.0,0.162,1.0
one-collector,foil_common_uncommon_showcase,1.0,0.198,1.0
one-collector,compleat_foil,1.0,6.681,1.0
one-collector,showcase_rare_mythic,1.0,7.104,1.0
one-collector,foil_showcase_rare_mythic,1.0,5.807,1.0
mom-draft,basic_or_gainland,1.0,0.242,1.0
mom-draft,sfc_common,7.6667,0.205,1.0
mom-draft,sfc_uncommon,2.3,0.302,1.0
mom-draft,dfc_common_uncommon,0.8929,0.15,0.0
mom-draft,uncommon_battle,0.8071,0.15,0.0
mom-draft,sfc_rare_mythic,0.7,2.269,1.0
mom-draft,multiverse_legend,1.0,1.885,1.0
mom-draft,rare_mythic_battle,0.1929,0.15,0.0
mom-draft,dfc_rare_mythic,0.1071,0.15,0.0
mom-draft,foil_with_showcase_and_mul,0.3333,0.671,0.873
mom-set,basic,0.8,0.237,1.0
mom-set,sfc_common,2.0,0.203,1.0
mom-set,sfc_uncommon,2.0,0.302,1.0
mom-set,dfc_common_uncommon,1.0,0.15,0.0
mom-set,uncommon_battle,1.0,0.15,0.0
mom-set,wildcard,2.0,0.513,0.901
mom-set,multiverse_legend,1.0,1.885,1.0
mom-set,rare_mythic,1.0,1.64,0.7
mom-set,mom_foil_with_showcase,0.96,0.712,0.876
mom-set,foil_etched,0.04,3.573,1.0
mom-set,the_list,0.25,2.95,0.993
mom-set,foil_basic,0.2,0.278,1.0
mom-collector,foil_fullart_basic,1.0,0.469,1.0
mom-collector,foil_common,5.0,0.253,0.957
mom-collector,foil_uncommon,2.0,0.304,0.625
mom-collector,foil_mul_uncommon,1.0,0.289,1.0
mom-collector,foil_rare_mythic,1.0,1.824,0.727
mom-collector,extended_art_commander_jumpstart,1.0,3.651,1.0
mom-collector,showcase_wild,1.0,2.167,0.867
mom-collector,uncommon_mul_etched,0.75,0.297,1.0
mom-collector,foil_showcase,0.995,2.799,0.893
mom-collector,rare_mythic_mul_traditional,0.75,4.79,1.0
mom-collector,rare_mythic_mul_etched,0.145,7.469,1.0
mom-collector,rare_mythic_mul_halo,0.1,25.485,1.0
mom-collector,rare_mythic_mul_serialized,0.005,337.153,0.773
mom-collector,double_foil_praetor_serialized,0.005,0.15,0.0
mom-collector,uncommon_mul_halo,0.245,2.067,1.0
mom-collector,uncommon_mul_serialized,0.005,262.389,0.85
ltr-draft,basic,1.0,0.431,1.0
ltr-draft,common_with_showcase,9.6667,0.278,1.0
ltr-draft,uncommon_with_showcase,3.0,0.559,1.0
ltr-draft,rare_mythic_with_showcase,1.0,4.697,1.0
ltr-draft,foil_with_showcase,0.3333,1.415,1.0
ltr-set,basic,0.8,0.431,1.0
ltr-set,common,3.0,0.276,1.0
ltr-set,uncommon,3.0,0.562,1.0
ltr-set,common_uncommon_showcase,1.0,0.297,1.0
ltr-set,wildcard,2.0,0.833,1.0
ltr-set,rare_mythic,1.0,4.668,1.0
ltr-set,foil_with_showcase,1.0,1.37,1.0
ltr-set,the_list,0.25,2.302,0.99
ltr-set,foil_basic,0.2,0.656,1.0
ltr-collector,foil_common,3.9928,0.387,1.0
ltr-collector,foil_uncommon,2.0,0.448,1.0
ltr-collector,foil_basic,1.0,1.024,1.0
ltr-collector,foil_rare_mythic,1.0,6.124,1.0
ltr-collector,extended_core_rare_mythic,1.0,7.011,1.0
ltr-collector,extended_jump_starter_rare_mythic,1.0,4.742,1.0
ltr-collector,uncommon_showcase,1.0,2.166,1.0
ltr-collector,rare_mythic_showcase,1.0,15.433,1.0
ltr-collector,borderless_scene,1.0,3.82,1.0
ltr-collector,foil_uncommon_showcase,1.0,1.405,1.0
ltr-collector,foil_rare_mythic_showcase,0.992,7.902,1.0
ltr-collector,surge_relic,0.008,111.003,1.0
ltr-collector,nonfoil_sol_ring,0.0065,796.102,1.0
ltr-collector,serialized_sol_ring,0.0006,2789.513,0.842
ltr-collector,the_one_ring,0.0,0.25,0.0
woe-draft,basic,1.0,0.356,1.0
woe-draft,common,8.6667,0.228,0.861
woe-draft,uncommon,3.0,0.262,0.8
woe-draft,enchanting_tales,1.0,5.656,1.0
woe-draft,rare_mythic_with_showcase,1.0,1.249,0.764
woe-draft,foil_with_showcase,0.3333,1.352,0.864
woe-set,basic,0.8,0.356,1.0
woe-set,common,3.0,0.228,0.861
woe-set,uncommon,3.0,0.262,0.8
woe-set,wildcard,2.0,0.804,0.86
woe-set,enchanting_tales,1.0,5.656,1.0
woe-set,rare_mythic,1.0,1.234,0.764
woe-set,foil_with_showcase,1.0,1.343,0.865
woe-set,the_list,0.25,2.747,0.974
woe-set,foil_basic,0.2,0.409,1.0
woe-collector,foil_full_art_land,1.0,0.704,1.0
woe-collector,foil_common,4.0,0.278,0.861
woe-collector,foil_uncommon,3.0,0.311,0.8
woe-collector,enchanting_tales_uncommon,1.0,0.606,1.0
woe-collector,foil_enchanting_tales_uncommon,1.0,0.789,1.0
woe-collector,foil_rare_mythic,1.0,1.498,0.764
woe-collector,extended_art,0.895,4.172,1.0
woe-collector,rare_mythic_showcase,1.0,0.636,0.312
woe-collector,enchanting_tales_rare_mythic,1.0,10.503,1.0
woe-collector,alt_frame_foil,1.0,15.64,0.847
woe-collector,foil_extended_art,0.105,12.901,1.0
lci-draft,cave_fullart_land,1.0,0.347,1.0
lci-draft,sfc_common,8.6667,0.205,1.0
lci-draft,dfc_common_uncommon,1.0,0.15,0.0
lci-draft,sfc_uncommon_with_showcase,3.0,0.332,1.0
lci-draft,rare_mythic_with_showcase,1.0,2.583,0.794
lci-draft,foil_with_showcase,0.3333,0.755,0.91
lci-set,cave_fullart_land,0.8,0.347,1.0
lci-set,common,3.0,0.203,0.95
lci-set,uncommon,3.0,0.312,0.87
lci-set,showcase_dfc_common_uncommon,1.0,0.233,0.389
lci-set,wildcard,2.0,0.766,0.922
lci-set,rare_mythic,1.0,2.654,0.793
lci-set,foil_with_showcase,1.0,0.755,0.91
lci-set,the_list,0.25,3.467,0.985
lci-set,foil_cave_fullart_land,0.2,0.551,1.0
lci-collector,foil_fullart_land,1.0,1.116,1.0
lci-collector,foil_common,4.0,0.25,0.954
lci-collector,foil_uncommon,3.0,0.429,0.87
lci-collector,foil_uncommon_showcase_or_borderless,1.0,0.945,1.0
lci-collector,foil_rare_mythic,1.0,3.106,0.793
lci-collector,extended_main_rare_mythic,1.0,0.677,0.731
lci-collector,extended_commander_rare_mythic,0.875,3.289,0.884
lci-collector,showcase_rare_mythic,1.0,4.65,0.847
lci-collector,jurrasic_world,0.799,7.626,0.432
lci-collector,foil_showcase_rare_mythic,0.993,5.76,0.813
lci-collector,neon_ink,0.007,515.989,0.984
lci-collector,foil_jurrasic_world,0.196,11.654,0.432
lci-collector,emblem_jurrasic_world,0.005,523.973,1.0
lci-collector,foil_extended_commander_rare_mythic,0.125,6.804,0.692
mkm-play,basic,0.8,0.243,1.0
mkm-play,common_with_showcase,6.875,0.153,0.996
mkm-play,uncommon_with_showcase,3.0,0.245,0.95
mkm-play,rare_mythic_with_showcase,1.0,1.146,0.986
mkm-play,wildcard,1.0,2.452,0.971
mkm-play,foil,1.0,0.582,0.98
mkm-play,the_list,0.125,3.072,0.975
mkm-play,foil_basic,0.2,0.284,1.0
mkm-collector,foil_fullart_basic,1.0,0.404,1.0
mkm-collector,foil_common,4.0,0.201,1.0
mkm-collector,foil_uncommon,3.0,0.3,0.95
mkm-collector,common_uncommon_showcase,1.0,0.201,0.955
mkm-collector,foil_common_uncommon_showcase,1.0,0.274,0.955
mkm-collector,foil_rare_mythic,1.0,2.787,0.988
mkm-collector,extended_main_rare_mythic,1.0,1.024,1.0
mkm-collector,extended_commander_rare_mythic,0.915,1.593,1.0
mkm-collector,rare_mythic_showcase,1.0,4.46,0.98
mkm-collector,foil_rare_mythic_showcase,1.0,12.76,0.988
mkm-collector,foil_extended_commander_rare_mythic,0.085,1.85,1.0
otj-play,land,0.8,0.293,1.0
otj-play,common,5.8,0.159,1.0
otj-play,uncommon,3.0,0.351,1.0
otj-play,rare_mythic_with_showcase,1.0,2.022,1.0
otj-play,breaking_news,1.0,1.265,0.993
otj-play,wildcard,1.0,0.365,1.0
otj-play,foil,1.0,0.487,1.0
otj-play,the_list,0.2,7.538,0.992
otj-play,foil_land,0.2,0.309,1.0
otj-collector,foil_common,4.0,0.235,1.0
otj-collector,foil_uncommon,3.0,0.441,1.0
otj-collector,foil_fullart_land,1.0,0.352,1.0
otj-collector,otp_uncommon,1.0,0.153,1.0
otj-collector,foil_otp_uncommon,1.0,0.23,1.0
otj-collector,foil_rare_mythic,1.0,3.343,1.0
otj-collector,showcase_rare_mythic,1.0,6.67,1.0
otj-collector,commander,0.9474,2.17,1.0
otj-collector,otp_rare_mythic,1.0,2.642,0.987
otj-collector,finale,1.0,9.236,0.992
otj-collector,foil_commander,0.0526,4.855,1.0
mh3-play,land,0.3,0.207,1.0
mh3-play,common,6.4844,0.183,1.0
mh3-play,new_uncommon,3.0,0.356,0.792
mh3-play,new_rare_mythic,1.0,4.288,0.964
mh3-play,reprint,1.0,1.986,1.0
mh3-play,wildcard,1.0,0.677,0.909
mh3-play,foil_with_showcase,1.0,1.25,0.911
mh3-play,special_guest,0.0156,8.917,1.0
mh3-play,foil_land,0.2,0.249,1.0
mh3-collector,foil_common,4.0,0.408,1.0
mh3-collector,foil_uncommon,3.0,0.644,0.826
mh3-collector,foil_eldrazi_land,1.0,0.322,1.0
mh3-collector,retro_cu,1.0,0.869,1.0
mh3-collector,foil_retro_cu,1.0,1.032,1.0
mh3-collector,foil_rare_mythic,1.0,5.182,0.972
mh3-collector,showcase_commander,0.9021,2.742,1.0
mh3-collector,showcase_rm,2.0,8.688,0.97
mh3-collector,foil_showcase_rm,1.0,18.871,0.957
mh3-collector,showcase_commander_foil,0.0979,0.726,0.652
blb-play,land,0.8,0.353,1.0
blb-play,common,6.985,0.185,1.0
blb-play,uncommon,3.0,0.371,1.0
blb-play,rare_mythic_with_showcase,1.0,3.175,1.0
blb-play,wildcard,1.0,0.768,1.0
blb-play,foil,1.0,0.764,1.0
blb-play,special_guest,0.015,18.158,1.0
blb-play,foil_land,0.2,0.543,1.0
blb-collector,foil_common,5.0,0.273,1.0
blb-collector,foil_uncommon,4.0,0.485,1.0
blb-collector,foil_land,1.0,0.543,1.0
blb-collector,foil_rare_mythic,1.0,3.281,1.0
blb-collector,commander_card,0.9718,2.963,0.971
blb-collector,showcase_rare_mythic,2.0,5.72,1.0
blb-collector,foil_showcase_rare_mythic,1.0,20.78,1.0
blb-collector,foil_commander,0.0282,3.4,1.0
dsk-play,land,0.8,0.291,1.0
dsk-play,common,6.9844,0.155,0.914
dsk-play,uncommon,3.0,0.358,0.94
dsk-play,rare_mythic_with_showcase,1.0,2.903,0.893
dsk-play,wildcard,1.0,0.704,0.928
dsk-play,foil,1.0,0.668,0.92
dsk-play,special_guest,0.0156,10.553,1.0
dsk-play,foil_land,0.2,0.332,1.0
dsk-collector,foil_common,5.0,0.263,0.914
dsk-collector,foil_uncommon,4.0,0.488,0.944
dsk-collector,foil_basic,1.0,0.666,1.0
dsk-collector,foil_rare_mythic,1.0,3.106,0.904
dsk-collector,showcase_commander,0.9394,2.65,1.0
dsk-collector,booster_fun,2.0,3.481,0.891
dsk-collector,foil_booster_fun,1.0,12.415,0.907
dsk-collector,foil_showcase_commander,0.0606,4.836,1.0
fdn-play,land,0.8,0.274,1.0
fdn-play,common,6.985,0.23,1.0
fdn-play,uncommon,3.0,0.326,1.0
fdn-play,rare_mythic_with_showcase,1.0,2.853,1.0
fdn-play,wildcard,1.0,0.837,1.0
fdn-play,foil,1.0,0.65,1.0
fdn-play,special_guest,0.015,12.338,1.0
fdn-play,foil_land,0.2,0.379,1.0
fdn-collector,foil_common,5.0,0.319,1.0
fdn-collector,foil_uncommon,4.0,0.6,1.0
fdn-collector,foil_basic,1.0,0.641,1.0
fdn-collector,foil_rare_mythic,2.0,3.017,1.0
fdn-collector,showcase_rare_mythic,2.0,4.471,1.0
fdn-collector,foil_booster_fun,1.0,23.652,1.0
dft-play,common,6.9844,0.169,1.0
dft-play,uncommon,3.0,0.25,1.0
dft-play,rare_mythic_with_boosterfun,1.0,1.879,1.0
dft-play,wildcard,1.0,0.581,1.0
dft-play,foil,1.0,0.449,1.0
dft-play,non_foil_land,0.8,0.211,1.0
dft-play,foil_land,0.2,0.256,1.0
dft-play,special_guest,0.0156,29.46,1.0
dft-collector,foil_common,4.0,0.248,1.0
dft-collector,foil_uncommon,3.0,0.346,1.0
dft-collector,foil_driver_seat_land,1.0,0.318,1.0
dft-collector,revved_up_cu,1.0,0.208,1.0
dft-collector,foil_revved_up_cu,1.0,0.251,1.0
dft-collector,foil_rare_mythic,1.0,2.107,1.0
dft-collector,showcase_commander,0.9475,1.354,1.0
dft-collector,booster_fun,2.0,1.91,1.0
dft-collector,foil_booster_fun,1.0,5.761,1.0
dft-collector,foil_showcase_commander,0.0525,0.33,1.0
tdm-play,common,6.9844,0.162,0.938
tdm-play,uncommon,3.0,0.213,0.95
tdm-play,wildcard,1.0,0.717,0.914
tdm-play,rare_mythic_boosterfun,1.0,2.419,0.953
tdm-play,foil,1.0,0.509,0.931
tdm-play,non_foil_land,0.8,0.254,1.0
tdm-play,foil_land,0.2,0.284,1.0
tdm-play,special_guest,0.0156,29.152,1.0
tdm-collector,foil_common,4.0,0.224,0.945
tdm-collector,foil_uncommon,3.0,0.297,0.95
tdm-collector,non_foil_draconic_c_u,1.0,0.222,0.394
tdm-collector,foil_draconic_c_u,1.0,0.24,0.394
tdm-collector,non_foil_basic,0.167,8.274,1.0
tdm-collector,foil_rare_mythic,1.0,2.811,0.957
tdm-collector,commander,1.0,2.871,1.0
tdm-collector,booster_fun,2.0,2.491,0.929
tdm-collector,foil_booster_fun,1.0,15.934,0.941
tdm-collector,foil_basic,0.833,2.691,1.0
fin-play,common,6.6667,0.174,1.0
fin-play,uncommon,3.0,0.302,0.908
fin-play,wildcard,1.0,0.686,0.903
fin-play,rare_mythic,1.0,2.629,0.762
fin-play,foil,1.0,0.675,0.948
fin-play,non_foil_land,0.8,0.271,1.0
fin-play,foil_land,0.2,0.303,1.0
fin-play,through_the_ages,0.3333,4.799,1.0
fin-collector,foil_common,3.0,0.272,1.0
fin-collector,foil_uncommon,3.0,0.431,0.908
fin-collector,boosterfun_common_uncommon,1.0,1.575,0.894
fin-collector,foil_boosterfun_common_uncommon,1.0,1.182,0.939
fin-collector,foil_basic,1.0,0.342,1.0
fin-collector,foil_rare_mythic,1.0,3.257,0.768
fin-collector,non_foil_boosterfun_rare_mythic,2.7536,4.57,0.852
fin-collector,non_foil_through_the_ages,0.5,4.248,1.0
fin-collector,foil_boosterfun_rare_mythic,1.0,20.048,0.692
fin-collector,foil_through_the_ages,0.5,23.27,1.0
fin-collector,fic_foil_boosterfun_rare_mythic,0.2464,58.529,1.0
eoe-play,common,6.982,0.146,1.0
eoe-play,uncommon,3.0,0.261,1.0
eoe-play,wildcard,1.0,1.309,1.0
eoe-play,rare_mythic,1.0,3.347,1.0
eoe-play,foil,1.0,0.724,1.0
eoe-play,non_foil_land,0.8,0.431,1.0
eoe-play,foil_land,0.2,0.499,1.0
eoe-play,special_guest,0.018,15.033,1.0
eoe-collector,foil_common,5.0,0.23,1.0
eoe-collector,foil_uncommon,4.0,0.341,1.0
eoe-collector,celestial_basic_land,1.0,2.987,1.0
eoe-collector,foil_rare_mythic,1.0,3.458,1.0
eoe-collector,commander,1.0,1.357,1.0
eoe-collector,non_foil_boosterfun,1.0,4.528,1.0
eoe-collector,stellar_sights_land,0.6653,7.323,1.0
eoe-collector,foil_boosterfun,1.0,14.541,1.0
eoe-collector,foil_stellar_sights_land,0.2234,10.795,1.0
eoe-collector,galaxy_stellar_sights_land,0.1112,34.104,1.0
spm-play,common,6.9583,0.152,1.0
spm-play,uncommon_scene,3.0,0.228,1.0
spm-play,wildcard,1.0,0.572,0.989
spm-play,rare_mythic_boosterfun,1.0,1.835,0.954
spm-play,foil,1.0,0.445,0.995
spm-play,non_foil_land,0.8,0.233,1.0
spm-play,foil_land,0.2,0.27,1.0
spm-play,source_material,0.0417,6.695,1.0
spm-collector,foil_common,5.0,0.224,1.0
spm-collector,foil_uncommon,4.0,0.343,1.0
spm-collector,foil_spiderweb_land,1.0,0.35,1.0
spm-collector,foil_rare_mythic,1.0,2.835,0.963
spm-collector,non_foil_boosterfun,2.0,1.64,0.962
spm-collector,non_foil_source_material,0.75,6.695,1.0
spm-collector,foil_boosterfun,1.0,5.148,0.922
spm-collector,foil_source_material,0.25,11.446,1.0
tla-play,common,6.9615,0.155,1.0
tla-play,uncommon_scene,3.0,0.207,1.0
tla-play,wildcard,1.0,0.636,0.983
tla-play,rare_mythic_boosterfun,1.0,2.189,0.923
tla-play,foil,1.0,0.539,0.993
tla-play,non_foil_land,0.8,0.251,1.0
tla-play,foil_land,0.2,0.305,1.0
tla-play,source_material,0.0385,6.847,1.0
tla-collector,foil_common,3.0,0.298,1.0
tla-collector,foil_uncommon,3.0,0.315,1.0
tla-collector,foil_tle_common,2.0,0.639,1.0
tla-collector,foil_tle_scene_uncommon,1.0,2.324,1.0
tla-collector,foil_land,1.0,0.494,1.0
tla-collector,foil_rare_mythic,1.0,2.366,0.929
tla-collector,foil_tle_rare_mythic,1.0,5.203,1.0
tla-collector,non_foil_boosterfun,1.0,4.593,0.942
tla-collector,non_foil_source_material,0.75,6.847,1.0
tla-collector,foil_boosterfun,1.0,7.917,0.906
tla-collector,foil_source_material,0.25,9.876,1.0
ecl-play,common,6.9818,0.144,1.0
ecl-play,uncommon_fable,3.0,0.227,1.0
ecl-play,wildcard,1.0,0.587,0.979
ecl-play,rare_mythic_boosterfun,1.0,1.997,0.908
ecl-play,foil,1.0,0.477,0.991
ecl-play,non_foil_land,0.8,0.246,1.0
ecl-play,foil_land,0.2,0.317,1.0
ecl-play,special_guest,0.0182,12.832,1.0
ecl-collector,foil_common,5.0,0.238,1.0
ecl-collector,foil_uncommon,4.0,0.349,1.0
ecl-collector,foil_land,1.0,0.372,1.0
ecl-collector,foil_rare_mythic,1.0,2.22,0.921
ecl-collector,non_foil_ecc,1.0,1.008,1.0
ecl-collector,non_foil_boosterfun,2.0,1.973,0.839
ecl-collector,foil_boosterfun,1.0,7.091,0.885
hob-play,common,7.0,0.148,0.917
hob-play,uncommon,3.0,0.191,0.891
hob-play,wildcard,1.0,0.476,0.916
hob-play,rare_mythic,1.0,1.707,0.917
hob-play,foil,1.0,0.412,0.909
hob-play,non_foil_land,0.8,0.202,1.0
hob-play,foil_land,0.2,0.297,1.0
hob-collector,foil_common,5.0,0.235,0.925
hob-collector,foil_uncommon,3.9,0.275,0.831
hob-collector,foil_journey_land,1.0,0.348,1.0
hob-collector,foil_rare_mythic,2.0,1.689,0.917
hob-collector,boosterfun,2.0,7.745,0.936
hob-collector,foil_boosterfun,1.0,25.054,0.91
hob-collector,surge_hoard_uncommon,0.1,0.357,0.167
sos-play,common,5.9818,0.144,0.889
sos-play,uncommon,3.0,0.224,0.86
sos-play,wildcard,1.0,0.363,0.87
sos-play,rare_mythic,1.0,1.114,0.85
sos-play,mystical_archive,1.0,1.145,1.0
sos-play,foil,1.0,0.387,0.879
sos-play,non_foil_land,0.8,0.266,1.0
sos-play,foil_land,0.2,0.344,1.0
sos-play,special_guest,0.0182,6.911,1.0
sos-collector,foil_common,4.0,0.214,0.895
sos-collector,foil_uncommon,3.0,0.301,0.86
sos-collector,non_foil_u_mystical_archive,1.2666,0.665,1.0
sos-collector,foil_land,1.0,1.03,1.0
sos-collector,foil_rare_mythic,1.0,1.2,0.85
sos-collector,commander,1.0,1.331,0.811
sos-collector,boosterfun,1.0,1.837,0.85
sos-collector,non_foil_r_m_mystical_archive,0.6667,9.601,1.0
sos-collector,foil_boosterfun,1.0,10.093,0.872
sos-collector,foil_r_m_mystical_archive,0.3333,8.591,1.0
sos-collector,foil_u_mystical_archive,0.7334,2.165,1.0
fra-play,common,5.9818,0.2,0.873
fra-play,uncommon,1.0,0.241,0.86
fra-play,common_uncommon,1.0,0.232,0.863
fra-play,pair_ajani,0.0096,9.725,1.0
fra-play,third_not_ajani,0.0055,0.488,1.0
fra-play,rare_mythic,1.0,2.508,0.908
fra-play,foil,1.0,0.621,0.908
fra-play,non_foil_land,0.8,0.314,1.0
fra-play,foil_land,0.2,0.461,1.0
fra-play,pair_ajani_borderless,0.0014,12.175,1.0
fra-play,pair_chandra,0.0096,5.515,1.0
fra-play,third_not_chandra,0.0055,0.525,1.0
fra-play,pair_chandra_borderless,0.0014,6.04,1.0
fra-play,pair_garruk,0.0096,3.03,1.0
fra-play,third_not_garruk,0.0055,0.544,1.0
fra-play,pair_garruk_borderless,0.0014,4.685,1.0
fra-play,pair_gideon,0.0192,0.35,1.0
fra-play,third_not_gideon,0.011,0.54,1.0
fra-play,pair_gideon_borderless,0.0027,0.64,1.0
fra-play,pair_liliana,0.0192,2.585,1.0
fra-play,third_not_liliana,0.011,0.505,1.0
fra-play,pair_liliana_borderless,0.0027,7.185,1.0
fra-play,pair_lyra,0.0192,0.87,1.0
fra-play,third_not_lyra,0.011,0.532,1.0
fra-play,pair_lyra_borderless,0.0027,2.225,1.0
fra-play,pair_jace_tam,0.0192,0.95,1.0
fra-play,third_not_jace_tam,0.011,0.531,1.0
fra-play,pair_jace_tam_borderless,0.0027,2.165,1.0
fra-play,pair_samut,0.0192,6.7,1.0
fra-play,third_not_samut,0.011,0.457,1.0
fra-play,pair_samut_borderless,0.0027,8.15,1.0
fra-play,pair_karn,0.0192,0.67,1.0
fra-play,third_not_karn,0.011,0.536,1.0
fra-play,pair_karn_borderless,0.0027,1.17,1.0
fra-play,pair_vraska,0.0192,0.585,1.0
fra-play,third_not_vraska,0.011,0.536,1.0
fra-play,pair_vraska_borderless,0.0027,1.855,1.0
fra-play,pair_danitha,0.0549,0.19,1.0
fra-play,third_not_danitha,0.0275,0.522,1.0
fra-play,pair_ghalta,0.0549,0.325,1.0
fra-play,third_not_ghalta,0.0275,0.518,1.0
fra-play,pair_koth,0.0549,0.33,1.0
fra-play,third_not_koth,0.0275,0.518,1.0
fra-play,pair_rescue_girl,0.0549,0.25,1.0
fra-play,third_not_rescue_girl,0.0275,0.52,1.0
fra-play,pair_saheeli,0.0549,0.24,1.0
fra-play,third_not_saheeli,0.0275,0.521,1.0
fra-play,pair_teyo,0.0481,0.205,1.0
fra-play,third_not_teyo,0.0275,0.521,1.0
fra-play,pair_teyo_borderless,0.0069,0.39,1.0
fra-play,pair_thalia,0.0481,0.625,1.0
fra-play,third_not_thalia,0.0275,0.494,1.0
fra-play,pair_thalia_borderless,0.0069,5.035,1.0
fra-play,pair_tomik,0.0549,0.295,1.0
fra-play,third_not_tomik,0.0275,0.519,1.0
fra-play,pair_way_healer,0.0549,0.29,1.0
fra-play,third_not_way_healer,0.0275,0.519,1.0
fra-play,pair_way_mentor,0.0549,0.275,1.0
fra-play,third_not_way_mentor,0.0275,0.52,1.0
fra-play,pair_yoshimaru,0.0549,0.25,1.0
fra-play,third_not_yoshimaru,0.0275,0.52,1.0
fra-play,pair_yuriko,0.0549,0.25,1.0
fra-play,third_not_yuriko,0.0275,0.52,1.0
fra-play,pair_arni,0.0549,0.21,1.0
fra-play,third_not_arni,0.0275,0.522,1.0
fra-play,pair_fblthp,0.0481,0.24,1.0
fra-play,third_not_fblthp,0.0275,0.52,1.0
fra-play,pair_fblthp_borderless,0.0069,0.485,1.0
fra-play,pair_hapatra,0.0549,0.205,1.0
fra-play,third_not_hapatra,0.0275,0.522,1.0
fra-play,pair_proft,0.0549,0.205,1.0
fra-play,third_not_proft,0.0275,0.522,1.0
fra-play,pair_ruric_thar,0.0549,0.2,1.0
fra-play,third_not_ruric_thar,0.0275,0.522,1.0
fra-play,pair_tetsuko,0.0549,0.205,1.0
fra-play,third_not_tetsuko,0.0275,0.522,1.0
fra-play,pair_traxos,0.0549,0.245,1.0
fra-play,third_not_traxos,0.0275,0.521,1.0
fra-play,pair_way_cryomancer,0.0549,0.29,1.0
fra-play,third_not_way_cryomancer,0.0275,0.519,1.0
fra-play,pair_way_mind_sculptor,0.0549,0.29,1.0
fra-play,third_not_way_mind_sculptor,0.0275,0.519,1.0
fra-play,pair_yargle,0.0549,0.23,1.0
fra-play,third_not_yargle,0.0275,0.521,1.0
fra-play,pair_gallia,0.0549,0.22,1.0
fra-play,third_not_gallia,0.0275,0.521,1.0
fra-play,pair_loot,0.0549,0.26,1.0
fra-play,third_not_loot,0.0275,0.52,1.0
fra-play,pair_mabel,0.0549,0.255,1.0
fra-play,third_not_mabel,0.0275,0.52,1.0
fra-play,pair_tinybones,0.0549,0.255,1.0
fra-play,third_not_tinybones,0.0275,0.52,1.0
fra-play,pair_way_deathbringer,0.0549,0.205,1.0
fra-play,third_not_way_deathbringer,0.0275,0.522,1.0
fra-play,pair_winter,0.0481,0.185,1.0
fra-play,third_not_winter,0.0275,0.521,1.0
fra-play,pair_winter_borderless,0.0069,0.47,1.0
fra-play,pair_jiang_yanggu,0.0549,0.21,1.0
fra-play,third_not_jiang_yanggu,0.0275,0.522,1.0
fra-play,pair_kiora,0.0549,0.21,1.0
fra-play,third_not_kiora,0.0275,0.522,1.0
fra-play,pair_marwyn,0.0481,0.23,1.0
fra-play,third_not_marwyn,0.0275,0.519,1.0
fra-play,pair_marwyn_borderless,0.0069,0.79,1.0
fra-play,pair_pia,0.0549,0.705,1.0
fra-play,third_not_pia,0.0275,0.508,1.0
fra-play,pair_edgar,0.0549,0.225,1.0
fra-play,third_not_edgar,0.0275,0.521,1.0
fra-play,special_guest,0.0182,10.907,1.0
fra-collector,foil_common,4.0,0.31,0.889
fra-collector,foil_uncommon,2.0,0.399,0.875
fra-collector,pair_danitha,0.0526,0.35,1.0
fra-collector,third_not_danitha,0.0263,0.632,1.0
fra-collector,foil_tower_land,1.0,0.855,1.0
fra-collector,foil_rare_mythic,1.0,2.951,0.929
fra-collector,braintwister_frc,1.0,4.274,1.0
fra-collector,non_foil_boosterfun,2.0,3.179,0.909
fra-collector,foil_boosterfun,1.0,15.922,0.931
fra-collector,pair_ghalta,0.0526,0.67,1.0
fra-collector,third_not_ghalta,0.0263,0.623,1.0
fra-collector,pair_koth,0.0526,0.415,1.0
fra-collector,third_not_koth,0.0263,0.63,1.0
fra-collector,pair_rescue_girl,0.0526,0.375,1.0
fra-collector,third_not_rescue_girl,0.0263,0.631,1.0
fra-collector,pair_saheeli,0.0526,0.33,1.0
fra-collector,third_not_saheeli,0.0263,0.632,1.0
fra-collector,pair_teyo,0.0526,0.42,1.0
fra-collector,third_not_teyo,0.0526,0.637,1.0
fra-collector,pair_teyo_borderless,0.0526,0.395,1.0
fra-collector,pair_thalia,0.0526,1.165,1.0
fra-collector,third_not_thalia,0.0526,0.462,1.0
fra-collector,pair_thalia_borderless,0.0526,5.92,1.0
fra-collector,pair_tomik,0.0526,0.43,1.0
fra-collector,third_not_tomik,0.0263,0.63,1.0
fra-collector,pair_way_healer,0.0526,0.415,1.0
fra-collector,third_not_way_healer,0.0263,0.63,1.0
fra-collector,pair_way_mentor,0.0526,0.485,1.0
fra-collector,third_not_way_mentor,0.0263,0.628,1.0
fra-collector,pair_yoshimaru,0.0526,0.42,1.0
fra-collector,third_not_yoshimaru,0.0263,0.63,1.0
fra-collector,pair_yuriko,0.0526,0.4,1.0
fra-collector,third_not_yuriko,0.0263,0.631,1.0
fra-collector,pair_arni,0.0526,0.345,1.0
fra-collector,third_not_arni,0.0263,0.632,1.0
fra-collector,pair_fblthp,0.0526,0.42,1.0
fra-collector,third_not_fblthp,0.0526,0.633,1.0
fra-collector,pair_fblthp_borderless,0.0526,0.51,1.0
fra-collector,pair_hapatra,0.0526,0.34,1.0
fra-collector,third_not_hapatra,0.0263,0.632,1.0
fra-collector,pair_proft,0.0526,0.37,1.0
fra-collector,third_not_proft,0.0263,0.631,1.0
fra-collector,pair_ruric_thar,0.0526,0.355,1.0
fra-collector,third_not_ruric_thar,0.0263,0.632,1.0
fra-collector,pair_tetsuko,0.0526,0.38,1.0
fra-collector,third_not_tetsuko,0.0263,0.631,1.0
fra-collector,pair_traxos,0.0526,0.365,1.0
fra-collector,third_not_traxos,0.0263,0.631,1.0
fra-collector,pair_way_cryomancer,0.0526,0.61,1.0
fra-collector,third_not_way_cryomancer,0.0263,0.625,1.0
fra-collector,pair_way_mind_sculptor,0.0526,0.36,1.0
fra-collector,third_not_way_mind_sculptor,0.0263,0.632,1.0
fra-collector,pair_yargle,0.0526,0.33,1.0
fra-collector,third_not_yargle,0.0263,0.632,1.0
fra-collector,pair_gallia,0.0526,0.325,1.0
fra-collector,third_not_gallia,0.0263,0.633,1.0
fra-collector,pair_loot,0.0526,0.395,1.0
fra-collector,third_not_loot,0.0263,0.631,1.0
fra-collector,pair_mabel,0.0526,0.375,1.0
fra-collector,third_not_mabel,0.0263,0.631,1.0
fra-collector,pair_tinybones,0.0526,0.47,1.0
fra-collector,third_not_tinybones,0.0263,0.629,1.0
fra-collector,pair_way_deathbringer,0.0526,0.355,1.0
fra-collector,third_not_way_deathbringer,0.0263,0.632,1.0
fra-collector,pair_winter,0.0526,0.35,1.0
fra-collector,third_not_winter,0.0526,0.636,1.0
fra-collector,pair_winter_borderless,0.0526,0.485,1.0
fra-collector,pair_jiang_yanggu,0.0526,0.33,1.0
fra-collector,third_not_jiang_yanggu,0.0263,0.632,1.0
fra-collector,pair_kiora,0.0526,0.305,1.0
fra-collector,third_not_kiora,0.0263,0.633,1.0
fra-collector,pair_marwyn,0.0526,0.465,1.0
fra-collector,third_not_marwyn,0.0526,0.626,1.0
fra-collector,pair_marwyn_borderless,0.0526,0.745,1.0
fra-collector,pair_pia,0.0526,2.17,1.0
fra-collector,third_not_pia,0.0263,0.583,1.0
fra-collector,pair_edgar,0.0526,0.385,1.0
fra-collector,third_not_edgar,0.0263,0.631,1.0
