test,metric,value
C card-price noise,median_market_ratio_ci95,1.27-1.34
C card-price noise,median_cashout_ratio_ci95,0.45-0.49
C card-price noise,draws_with_median_market_above_1,1.0
C card-price noise,draws_with_median_cashout_below_1,1.0
C card-price noise,mean_share_of_play_sets_above_1_market,0.8752083333333334
C card-price noise,mean_share_of_play_sets_below_1_cashout,1.0
E god pack spread,mean,64.08
E god pack spread,median,49.58
E god pack spread,p10,22.81
E god pack spread,p90,105.52
E god pack spread,p99,402.96
E god pack spread,share_under_50,0.505
E god pack spread,share_over_100,0.115
E god pack spread,lift_per_pack_ci90,0.016-0.099
