product,kind,box_price,n_sales,sales_min,sales_max,ev_market,ev_cashout,t_market,p_market,t_cashout,p_cashout,ratio_market,ratio_market_ci95,ratio_cashout,ratio_cashout_ci95,p_beat_market,p_beat_market_ci95,p_beat_cashout,p_beat_cashout_ci95
mkm-play,play,139.99,5,139.99,140.0,237.12,102.03,102.3,0.0e+00,-56.9,0.0e+00,1.694,1.69-1.69,0.729,0.73-0.73,1.0,1.00-1.00,0.106,0.105-0.105
mkm-collector,collector,409.98,5,399.95,409.98,304.82,180.49,-25.2,3.5e-122,-78.5,0.0e+00,0.743,0.74-0.76,0.44,0.44-0.45,0.12,0.12-0.12,0.09,0.090-0.091
otj-play,play,198.0,5,190.0,198.78,284.24,121.68,71.7,0.0e+00,-90.3,0.0e+00,1.436,1.43-1.50,0.615,0.61-0.64,0.971,0.97-0.99,0.034,0.033-0.049
otj-collector,collector,474.99,5,472.0,487.9,324.62,189.09,-68.7,0.0e+00,-185.2,0.0e+00,0.683,0.67-0.69,0.398,0.39-0.40,0.073,0.06-0.08,0.002,0.002-0.003
mh3-play,play,300.0,5,293.86,308.86,383.73,184.73,61.9,0.0e+00,-120.6,0.0e+00,1.279,1.24-1.31,0.616,0.60-0.63,0.944,0.92-0.96,0.013,0.011-0.016
mh3-collector,collector,885.53,5,885.53,908.59,602.08,376.97,-64.2,0.0e+00,-164.0,0.0e+00,0.68,0.66-0.68,0.426,0.41-0.43,0.012,0.01-0.01,0.006,0.006-0.006
blb-play,play,203.99,5,194.99,210.0,279.5,105.63,69.9,0.0e+00,-129.2,0.0e+00,1.37,1.33-1.43,0.518,0.50-0.54,0.97,0.95-0.99,0.008,0.005-0.013
blb-collector,collector,1251.97,5,1237.01,1309.99,516.75,316.53,-109.9,0.0e+00,-199.4,0.0e+00,0.413,0.39-0.42,0.253,0.24-0.26,0.033,0.03-0.04,0.009,0.004-0.011
dsk-play,play,209.95,5,199.97,215.0,248.04,99.74,50.6,0.0e+00,-205.9,0.0e+00,1.181,1.15-1.24,0.475,0.46-0.50,0.875,0.84-0.94,0.0,0.000-0.000
dsk-collector,collector,816.15,5,799.0,825.95,350.05,204.35,-201.4,0.0e+00,-374.5,0.0e+00,0.429,0.42-0.44,0.25,0.25-0.26,0.002,0.00-0.00,0.0,0.000-0.000
fdn-play,play,174.01,5,174.01,176.98,265.66,96.5,100.7,0.0e+00,-120.7,0.0e+00,1.527,1.50-1.53,0.555,0.55-0.55,0.999,1.00-1.00,0.012,0.010-0.012
fdn-collector,collector,908.88,5,875.0,940.0,525.0,321.43,-78.7,0.0e+00,-171.6,0.0e+00,0.578,0.56-0.60,0.354,0.34-0.37,0.056,0.05-0.07,0.01,0.008-0.013
dft-play,play,114.48,5,114.47,114.49,166.86,53.21,49.0,0.0e+00,-81.5,0.0e+00,1.458,1.46-1.46,0.465,0.46-0.46,0.972,0.97-0.97,0.053,0.053-0.053
dft-collector,collector,324.94,5,311.0,324.95,188.54,92.56,-55.5,0.0e+00,-134.7,0.0e+00,0.58,0.58-0.61,0.285,0.28-0.30,0.05,0.05-0.05,0.006,0.005-0.006
tdm-play,play,166.99,5,166.97,168.0,184.59,68.26,16.9,1.1e-59,-134.2,0.0e+00,1.105,1.10-1.11,0.409,0.41-0.41,0.605,0.59-0.61,0.008,0.008-0.008
tdm-collector,collector,500.0,5,499.0,500.0,379.37,225.26,-25.7,3.2e-126,-83.5,0.0e+00,0.759,0.76-0.76,0.451,0.45-0.45,0.167,0.17-0.17,0.053,0.053-0.053
fin-play,play,255.66,5,225.0,264.0,238.12,97.55,-12.6,4.3e-35,-161.3,0.0e+00,0.931,0.90-1.06,0.382,0.37-0.43,0.322,0.28-0.50,0.004,0.003-0.011
fin-collector,collector,1661.8,5,1256.0,1680.0,851.93,550.15,-72.7,0.0e+00,-142.4,0.0e+00,0.513,0.51-0.68,0.331,0.33-0.44,0.079,0.08-0.13,0.02,0.019-0.059
eoe-play,play,188.0,5,188.0,194.0,237.2,106.84,40.2,1.6e-259,-94.0,0.0e+00,1.262,1.22-1.26,0.568,0.55-0.57,0.838,0.79-0.84,0.04,0.034-0.040
eoe-collector,collector,728.99,5,714.99,728.99,479.14,293.11,-45.9,0.0e+00,-114.1,0.0e+00,0.657,0.66-0.67,0.402,0.40-0.41,0.07,0.07-0.08,0.021,0.021-0.021
spm-play,play,127.95,5,120.99,127.98,152.98,46.76,22.2,2.0e-97,-102.0,0.0e+00,1.196,1.20-1.26,0.365,0.37-0.39,0.556,0.56-0.71,0.046,0.046-0.050
spm-collector,collector,420.9,5,414.0,422.99,263.23,141.94,-34.1,5.2e-201,-86.0,0.0e+00,0.625,0.62-0.64,0.337,0.34-0.34,0.06,0.06-0.06,0.016,0.017-0.018
tla-play,play,135.39,5,120.39,135.39,168.86,58.73,36.4,1.8e-223,-118.7,0.0e+00,1.247,1.25-1.40,0.434,0.43-0.49,0.771,0.77-0.91,0.013,0.013-0.035
tla-collector,collector,492.67,5,449.99,497.0,411.87,240.71,-19.4,4.6e-77,-86.2,0.0e+00,0.836,0.83-0.92,0.489,0.48-0.53,0.116,0.11-0.21,0.05,0.050-0.050
ecl-play,play,114.95,5,110.0,117.97,157.29,52.49,64.9,0.0e+00,-135.1,0.0e+00,1.368,1.33-1.43,0.457,0.44-0.48,0.95,0.93-0.97,0.009,0.006-0.011
ecl-collector,collector,419.89,5,417.94,420.0,205.02,102.97,-146.3,0.0e+00,-305.6,0.0e+00,0.488,0.49-0.49,0.245,0.25-0.25,0.01,0.01-0.01,0.004,0.004-0.004
hob-play,play,155.85,5,150.85,155.95,132.78,36.42,-36.4,1.5e-222,-267.2,0.0e+00,0.852,0.85-0.88,0.234,0.23-0.24,0.19,0.19-0.23,0.0,0.000-0.000
hob-collector,collector,714.96,5,700.0,720.0,544.02,342.54,-7.8,1.0e-14,-24.3,3.1e-114,0.761,0.76-0.78,0.479,0.48-0.49,0.152,0.15-0.16,0.019,0.018-0.021
sos-play,play,144.94,5,132.84,144.97,148.54,43.05,5.3,1.2e-07,-215.4,0.0e+00,1.025,1.02-1.12,0.297,0.30-0.32,0.432,0.43-0.66,0.0,0.001-0.002
sos-collector,collector,503.0,5,499.99,508.69,351.5,202.5,-34.4,9.3e-204,-97.2,0.0e+00,0.699,0.69-0.70,0.403,0.40-0.41,0.109,0.11-0.11,0.044,0.043-0.044
fra-play,play,150.96,5,150.96,152.0,207.97,70.55,70.8,0.0e+00,-141.4,0.0e+00,1.378,1.37-1.38,0.467,0.46-0.47,0.966,0.96-0.97,0.004,0.004-0.004
fra-collector,collector,456.84,5,456.84,456.85,410.37,234.51,-13.7,1.1e-40,-93.0,0.0e+00,0.898,0.90-0.90,0.513,0.51-0.51,0.229,0.23-0.23,0.054,0.053-0.053
